nombre,pais,anio,material,peso_gramos,diametro_mm,tirada,ceca,pureza,forma,canto,es_estimacion,foto_generica_url
8 Reales Columnario,Imperio Español,1732,Plata .917,27.07,39.0,296066,Mo,0.917,Redonda,Cordoncillo,true,
8 Reales Columnario,Imperio Español,1732,Plata .917,27.07,39.0,129821,L,0.917,Redonda,Cordoncillo,true,
8 Reales Columnario,Imperio Español,1733,Plata .917,27.07,39.0,195206,Mo,0.917,Redonda,Cordoncillo,true,
8 Reales Columnario,Imperio Español,1733,Plata .917,27.07,39.0,340244,L,0.917,Redonda,Cordoncillo,true,
8 Reales Columnario,Imperio Español,1733,Plata .917,27.07,39.0,222655,Pts,0.917,Redonda,Cordoncillo,true,
8 Reales Columnario,Imperio Español,1734,Plata .917,27.07,39.0,143036,L,0.917,Redonda,Cordoncillo,true,
8 Reales Columnario,Imperio Español,1734,Plata .917,27.07,39.0,550326,Pts,0.917,Redonda,Cordoncillo,true,
8 Reales Columnario,Imperio Español,1735,Plata .917,27.07,39.0,220157,Mo,0.917,Redonda,Cordoncillo,true,
8 Reales Columnario,Imperio Español,1735,Plata .917,27.07,39.0,290680,L,0.917,Redonda,Cordoncillo,true,
8 Reales Columnario,Imperio Español,1735,Plata .917,27.07,39.0,360208,Pts,0.917,Redonda,Cordoncillo,true,
8 Reales Columnario,Imperio Español,1736,Plata .917,27.07,39.0,127072,Mo,0.917,Redonda,Cordoncillo,true,
8 Reales Columnario,Imperio Español,1736,Plata .917,27.07,39.0,396902,Pts,0.917,Redonda,Cordoncillo,true,
8 Reales Columnario,Imperio Español,1737,Plata .917,27.07,39.0,108488,L,0.917,Redonda,Cordoncillo,true,
8 Reales Columnario,Imperio Español,1738,Plata .917,27.07,39.0,169980,Mo,0.917,Redonda,Cordoncillo,true,
8 Reales Columnario,Imperio Español,1738,Plata .917,27.07,39.0,122838,L,0.917,Redonda,Cordoncillo,true,
8 Reales Columnario,Imperio Español,1739,Plata .917,27.07,39.0,283325,Mo,0.917,Redonda,Cordoncillo,true,
8 Reales Columnario,Imperio Español,1739,Plata .917,27.07,39.0,387767,L,0.917,Redonda,Cordoncillo,true,
8 Reales Columnario,Imperio Español,1739,Plata .917,27.07,39.0,388583,Pts,0.917,Redonda,Cordoncillo,true,
8 Reales Columnario,Imperio Español,1740,Plata .917,27.07,39.0,598745,Pts,0.917,Redonda,Cordoncillo,true,
8 Reales Columnario,Imperio Español,1741,Plata .917,27.07,39.0,207012,Mo,0.917,Redonda,Cordoncillo,true,
8 Reales Columnario,Imperio Español,1741,Plata .917,27.07,39.0,138838,L,0.917,Redonda,Cordoncillo,true,
8 Reales Columnario,Imperio Español,1741,Plata .917,27.07,39.0,471567,Pts,0.917,Redonda,Cordoncillo,true,
8 Reales Columnario,Imperio Español,1742,Plata .917,27.07,39.0,165983,Mo,0.917,Redonda,Cordoncillo,true,
8 Reales Columnario,Imperio Español,1742,Plata .917,27.07,39.0,228672,L,0.917,Redonda,Cordoncillo,true,
8 Reales Columnario,Imperio Español,1742,Plata .917,27.07,39.0,267528,Pts,0.917,Redonda,Cordoncillo,true,
8 Reales Columnario,Imperio Español,1743,Plata .917,27.07,39.0,195209,Mo,0.917,Redonda,Cordoncillo,true,
8 Reales Columnario,Imperio Español,1743,Plata .917,27.07,39.0,189459,L,0.917,Redonda,Cordoncillo,true,
8 Reales Columnario,Imperio Español,1744,Plata .917,27.07,39.0,243664,L,0.917,Redonda,Cordoncillo,true,
8 Reales Columnario,Imperio Español,1744,Plata .917,27.07,39.0,206517,Pts,0.917,Redonda,Cordoncillo,true,
8 Reales Columnario,Imperio Español,1745,Plata .917,27.07,39.0,172407,Mo,0.917,Redonda,Cordoncillo,true,
8 Reales Columnario,Imperio Español,1745,Plata .917,27.07,39.0,354715,Pts,0.917,Redonda,Cordoncillo,true,
8 Reales Columnario,Imperio Español,1746,Plata .917,27.07,39.0,394475,Mo,0.917,Redonda,Cordoncillo,true,
8 Reales Columnario,Imperio Español,1746,Plata .917,27.07,39.0,349198,Pts,0.917,Redonda,Cordoncillo,true,
8 Reales Columnario,Imperio Español,1747,Plata .917,27.07,39.0,161615,Mo,0.917,Redonda,Cordoncillo,true,
8 Reales Columnario,Imperio Español,1747,Plata .917,27.07,39.0,733370,Pts,0.917,Redonda,Cordoncillo,true,
8 Reales Columnario,Imperio Español,1748,Plata .917,27.07,39.0,400000,Mo,0.917,Redonda,Cordoncillo,true,
8 Reales Columnario,Imperio Español,1748,Plata .917,27.07,39.0,162284,L,0.917,Redonda,Cordoncillo,true,
8 Reales Columnario,Imperio Español,1748,Plata .917,27.07,39.0,572231,Pts,0.917,Redonda,Cordoncillo,true,
8 Reales Columnario,Imperio Español,1749,Plata .917,27.07,39.0,160064,Mo,0.917,Redonda,Cordoncillo,true,
8 Reales Columnario,Imperio Español,1750,Plata .917,27.07,39.0,163707,Mo,0.917,Redonda,Cordoncillo,true,
8 Reales Columnario,Imperio Español,1750,Plata .917,27.07,39.0,232284,L,0.917,Redonda,Cordoncillo,true,
8 Reales Columnario,Imperio Español,1750,Plata .917,27.07,39.0,238049,Pts,0.917,Redonda,Cordoncillo,true,
8 Reales Columnario,Imperio Español,1750,Plata .917,27.07,39.0,138190,S,0.917,Redonda,Cordoncillo,true,
8 Reales Columnario,Imperio Español,1751,Plata .917,27.07,39.0,214670,Mo,0.917,Redonda,Cordoncillo,true,
8 Reales Columnario,Imperio Español,1751,Plata .917,27.07,39.0,99386,S,0.917,Redonda,Cordoncillo,true,
8 Reales Columnario,Imperio Español,1751,Plata .917,27.07,39.0,16664,P,0.917,Redonda,Cordoncillo,true,
8 Reales Columnario,Imperio Español,1752,Plata .917,27.07,39.0,125854,Mo,0.917,Redonda,Cordoncillo,true,
8 Reales Columnario,Imperio Español,1752,Plata .917,27.07,39.0,385881,Pts,0.917,Redonda,Cordoncillo,true,
8 Reales Columnario,Imperio Español,1752,Plata .917,27.07,39.0,111074,S,0.917,Redonda,Cordoncillo,true,
8 Reales Columnario,Imperio Español,1752,Plata .917,27.07,39.0,98701,NR,0.917,Redonda,Cordoncillo,true,
8 Reales Columnario,Imperio Español,1752,Plata .917,27.07,39.0,20023,P,0.917,Redonda,Cordoncillo,true,
8 Reales Columnario,Imperio Español,1753,Plata .917,27.07,39.0,170310,Mo,0.917,Redonda,Cordoncillo,true,
8 Reales Columnario,Imperio Español,1753,Plata .917,27.07,39.0,150563,L,0.917,Redonda,Cordoncillo,true,
8 Reales Columnario,Imperio Español,1753,Plata .917,27.07,39.0,580899,Pts,0.917,Redonda,Cordoncillo,true,
8 Reales Columnario,Imperio Español,1753,Plata .917,27.07,39.0,60634,P,0.917,Redonda,Cordoncillo,true,
8 Reales Columnario,Imperio Español,1754,Plata .917,27.07,39.0,100000,L,0.917,Redonda,Cordoncillo,true,
8 Reales Columnario,Imperio Español,1754,Plata .917,27.07,39.0,349300,Pts,0.917,Redonda,Cordoncillo,true,
8 Reales Columnario,Imperio Español,1754,Plata .917,27.07,39.0,18788,P,0.917,Redonda,Cordoncillo,true,
8 Reales Columnario,Imperio Español,1755,Plata .917,27.07,39.0,121082,L,0.917,Redonda,Cordoncillo,true,
8 Reales Columnario,Imperio Español,1756,Plata .917,27.07,39.0,172775,Mo,0.917,Redonda,Cordoncillo,true,
8 Reales Columnario,Imperio Español,1756,Plata .917,27.07,39.0,331571,Pts,0.917,Redonda,Cordoncillo,true,
8 Reales Columnario,Imperio Español,1756,Plata .917,27.07,39.0,81626,S,0.917,Redonda,Cordoncillo,true,
8 Reales Columnario,Imperio Español,1756,Plata .917,27.07,39.0,60313,NR,0.917,Redonda,Cordoncillo,true,
8 Reales Columnario,Imperio Español,1757,Plata .917,27.07,39.0,172891,Mo,0.917,Redonda,Cordoncillo,true,
8 Reales Columnario,Imperio Español,1757,Plata .917,27.07,39.0,75839,S,0.917,Redonda,Cordoncillo,true,
8 Reales Columnario,Imperio Español,1757,Plata .917,27.07,39.0,110653,NR,0.917,Redonda,Cordoncillo,true,
8 Reales Columnario,Imperio Español,1757,Plata .917,27.07,39.0,33222,P,0.917,Redonda,Cordoncillo,true,
8 Reales Columnario,Imperio Español,1758,Plata .917,27.07,39.0,126054,Mo,0.917,Redonda,Cordoncillo,true,
8 Reales Columnario,Imperio Español,1758,Plata .917,27.07,39.0,200000,NR,0.917,Redonda,Cordoncillo,true,
8 Reales Columnario,Imperio Español,1759,Plata .917,27.07,39.0,241340,Mo,0.917,Redonda,Cordoncillo,true,
8 Reales Columnario,Imperio Español,1759,Plata .917,27.07,39.0,575625,Pts,0.917,Redonda,Cordoncillo,true,
8 Reales Columnario,Imperio Español,1759,Plata .917,27.07,39.0,122603,S,0.917,Redonda,Cordoncillo,true,
8 Reales Columnario,Imperio Español,1759,Plata .917,27.07,39.0,200000,NR,0.917,Redonda,Cordoncillo,true,
8 Reales Columnario,Imperio Español,1759,Plata .917,27.07,39.0,35961,P,0.917,Redonda,Cordoncillo,true,
8 Reales Columnario,Imperio Español,1760,Plata .917,27.07,39.0,258422,Mo,0.917,Redonda,Cordoncillo,true,
8 Reales Columnario,Imperio Español,1760,Plata .917,27.07,39.0,100000,L,0.917,Redonda,Cordoncillo,true,
8 Reales Columnario,Imperio Español,1760,Plata .917,27.07,39.0,281374,Pts,0.917,Redonda,Cordoncillo,true,
8 Reales Columnario,Imperio Español,1760,Plata .917,27.07,39.0,61336,S,0.917,Redonda,Cordoncillo,true,
8 Reales Columnario,Imperio Español,1760,Plata .917,27.07,39.0,58002,NR,0.917,Redonda,Cordoncillo,true,
8 Reales Columnario,Imperio Español,1760,Plata .917,27.07,39.0,20579,P,0.917,Redonda,Cordoncillo,true,
8 Reales Columnario,Imperio Español,1761,Plata .917,27.07,39.0,219317,L,0.917,Redonda,Cordoncillo,true,
8 Reales Columnario,Imperio Español,1761,Plata .917,27.07,39.0,200000,Pts,0.917,Redonda,Cordoncillo,true,
8 Reales Columnario,Imperio Español,1761,Plata .917,27.07,39.0,67547,S,0.917,Redonda,Cordoncillo,true,
8 Reales Columnario,Imperio Español,1761,Plata .917,27.07,39.0,15555,P,0.917,Redonda,Cordoncillo,true,
8 Reales Columnario,Imperio Español,1762,Plata .917,27.07,39.0,250214,Mo,0.917,Redonda,Cordoncillo,true,
8 Reales Columnario,Imperio Español,1762,Plata .917,27.07,39.0,235726,L,0.917,Redonda,Cordoncillo,true,
8 Reales Columnario,Imperio Español,1762,Plata .917,27.07,39.0,416023,Pts,0.917,Redonda,Cordoncillo,true,
8 Reales Columnario,Imperio Español,1762,Plata .917,27.07,39.0,84251,S,0.917,Redonda,Cordoncillo,true,
8 Reales Columnario,Imperio Español,1762,Plata .917,27.07,39.0,11872,P,0.917,Redonda,Cordoncillo,true,
8 Reales Columnario,Imperio Español,1763,Plata .917,27.07,39.0,171495,Mo,0.917,Redonda,Cordoncillo,true,
8 Reales Columnario,Imperio Español,1763,Plata .917,27.07,39.0,166602,L,0.917,Redonda,Cordoncillo,true,
8 Reales Columnario,Imperio Español,1763,Plata .917,27.07,39.0,127147,S,0.917,Redonda,Cordoncillo,true,
8 Reales Columnario,Imperio Español,1763,Plata .917,27.07,39.0,148891,NR,0.917,Redonda,Cordoncillo,true,
8 Reales Columnario,Imperio Español,1763,Plata .917,27.07,39.0,52592,P,0.917,Redonda,Cordoncillo,true,
8 Reales Columnario,Imperio Español,1764,Plata .917,27.07,39.0,145161,Mo,0.917,Redonda,Cordoncillo,true,
8 Reales Columnario,Imperio Español,1764,Plata .917,27.07,39.0,235184,L,0.917,Redonda,Cordoncillo,true,
8 Reales Columnario,Imperio Español,1764,Plata .917,27.07,39.0,91048,NR,0.917,Redonda,Cordoncillo,true,
8 Reales Columnario,Imperio Español,1765,Plata .917,27.07,39.0,187635,Mo,0.917,Redonda,Cordoncillo,true,
8 Reales Columnario,Imperio Español,1765,Plata .917,27.07,39.0,447634,Pts,0.917,Redonda,Cordoncillo,true,
8 Reales Columnario,Imperio Español,1765,Plata .917,27.07,39.0,100959,NR,0.917,Redonda,Cordoncillo,true,
8 Reales Columnario,Imperio Español,1766,Plata .917,27.07,39.0,200069,Mo,0.917,Redonda,Cordoncillo,true,
8 Reales Columnario,Imperio Español,1766,Plata .917,27.07,39.0,190771,L,0.917,Redonda,Cordoncillo,true,
8 Reales Columnario,Imperio Español,1766,Plata .917,27.07,39.0,330907,Pts,0.917,Redonda,Cordoncillo,true,
8 Reales Columnario,Imperio Español,1766,Plata .917,27.07,39.0,52528,S,0.917,Redonda,Cordoncillo,true,
8 Reales Columnario,Imperio Español,1766,Plata .917,27.07,39.0,168112,NR,0.917,Redonda,Cordoncillo,true,
8 Reales Columnario,Imperio Español,1766,Plata .917,27.07,39.0,64347,P,0.917,Redonda,Cordoncillo,true,
8 Reales Columnario,Imperio Español,1767,Plata .917,27.07,39.0,248463,Mo,0.917,Redonda,Cordoncillo,true,
8 Reales Columnario,Imperio Español,1767,Plata .917,27.07,39.0,229603,L,0.917,Redonda,Cordoncillo,true,
8 Reales Columnario,Imperio Español,1767,Plata .917,27.07,39.0,169879,S,0.917,Redonda,Cordoncillo,true,
8 Reales Columnario,Imperio Español,1767,Plata .917,27.07,39.0,20585,P,0.917,Redonda,Cordoncillo,true,
8 Reales Columnario,Imperio Español,1768,Plata .917,27.07,39.0,70356,S,0.917,Redonda,Cordoncillo,true,
8 Reales Columnario,Imperio Español,1768,Plata .917,27.07,39.0,138018,NR,0.917,Redonda,Cordoncillo,true,
8 Reales Columnario,Imperio Español,1768,Plata .917,27.07,39.0,65067,P,0.917,Redonda,Cordoncillo,true,
8 Reales Columnario,Imperio Español,1769,Plata .917,27.07,39.0,173102,L,0.917,Redonda,Cordoncillo,true,
8 Reales Columnario,Imperio Español,1769,Plata .917,27.07,39.0,387635,Pts,0.917,Redonda,Cordoncillo,true,
8 Reales Columnario,Imperio Español,1769,Plata .917,27.07,39.0,19946,P,0.917,Redonda,Cordoncillo,true,
8 Reales Columnario,Imperio Español,1770,Plata .917,27.07,39.0,157118,L,0.917,Redonda,Cordoncillo,true,
8 Reales Columnario,Imperio Español,1770,Plata .917,27.07,39.0,433188,Pts,0.917,Redonda,Cordoncillo,true,
8 Reales Columnario,Imperio Español,1770,Plata .917,27.07,39.0,119747,NR,0.917,Redonda,Cordoncillo,true,
8 Reales Columnario,Imperio Español,1770,Plata .917,27.07,39.0,40048,P,0.917,Redonda,Cordoncillo,true,
8 Reales Columnario,Imperio Español,1771,Plata .917,27.07,39.0,358738,Mo,0.917,Redonda,Cordoncillo,true,
8 Reales Columnario,Imperio Español,1771,Plata .917,27.07,39.0,116357,L,0.917,Redonda,Cordoncillo,true,
8 Reales Columnario,Imperio Español,1771,Plata .917,27.07,39.0,330628,Pts,0.917,Redonda,Cordoncillo,true,
8 Reales Columnario,Imperio Español,1771,Plata .917,27.07,39.0,126325,S,0.917,Redonda,Cordoncillo,true,
8 Reales Columnario,Imperio Español,1771,Plata .917,27.07,39.0,58235,NR,0.917,Redonda,Cordoncillo,true,
8 Reales de Busto,Imperio Español,1772,Plata .903,27.07,39.0,500000,Mo,0.903,Redonda,Estriado,true,
8 Reales de Busto,Imperio Español,1772,Plata .903,27.07,39.0,239658,L,0.903,Redonda,Estriado,true,
8 Reales de Busto,Imperio Español,1772,Plata .903,27.07,39.0,441673,Pts,0.903,Redonda,Estriado,true,
8 Reales de Busto,Imperio Español,1772,Plata .903,27.07,39.0,123579,S,0.903,Redonda,Estriado,true,
8 Reales de Busto,Imperio Español,1772,Plata .903,27.07,39.0,43019,P,0.903,Redonda,Estriado,true,
8 Reales de Busto,Imperio Español,1773,Plata .903,27.07,39.0,460024,Mo,0.903,Redonda,Estriado,true,
8 Reales de Busto,Imperio Español,1773,Plata .903,27.07,39.0,153261,L,0.903,Redonda,Estriado,true,
8 Reales de Busto,Imperio Español,1773,Plata .903,27.07,39.0,663778,Pts,0.903,Redonda,Estriado,true,
8 Reales de Busto,Imperio Español,1773,Plata .903,27.07,39.0,107228,S,0.903,Redonda,Estriado,true,
8 Reales de Busto,Imperio Español,1773,Plata .903,27.07,39.0,60000,NR,0.903,Redonda,Estriado,true,
8 Reales de Busto,Imperio Español,1773,Plata .903,27.07,39.0,30629,P,0.903,Redonda,Estriado,true,
8 Reales de Busto,Imperio Español,1774,Plata .903,27.07,39.0,248262,Mo,0.903,Redonda,Estriado,true,
8 Reales de Busto,Imperio Español,1774,Plata .903,27.07,39.0,325556,L,0.903,Redonda,Estriado,true,
8 Reales de Busto,Imperio Español,1774,Plata .903,27.07,39.0,83197,S,0.903,Redonda,Estriado,true,
8 Reales de Busto,Imperio Español,1774,Plata .903,27.07,39.0,140511,NR,0.903,Redonda,Estriado,true,
8 Reales de Busto,Imperio Español,1775,Plata .903,27.07,39.0,155460,Mo,0.903,Redonda,Estriado,true,
8 Reales de Busto,Imperio Español,1775,Plata .903,27.07,39.0,184769,L,0.903,Redonda,Estriado,true,
8 Reales de Busto,Imperio Español,1775,Plata .903,27.07,39.0,454787,Pts,0.903,Redonda,Estriado,true,
8 Reales de Busto,Imperio Español,1775,Plata .903,27.07,39.0,224146,S,0.903,Redonda,Estriado,true,
8 Reales de Busto,Imperio Español,1775,Plata .903,27.07,39.0,93751,NR,0.903,Redonda,Estriado,true,
8 Reales de Busto,Imperio Español,1775,Plata .903,27.07,39.0,22634,P,0.903,Redonda,Estriado,true,
8 Reales de Busto,Imperio Español,1776,Plata .903,27.07,39.0,187508,Mo,0.903,Redonda,Estriado,true,
8 Reales de Busto,Imperio Español,1776,Plata .903,27.07,39.0,403408,Pts,0.903,Redonda,Estriado,true,
8 Reales de Busto,Imperio Español,1776,Plata .903,27.07,39.0,164243,NR,0.903,Redonda,Estriado,true,
8 Reales de Busto,Imperio Español,1776,Plata .903,27.07,39.0,62329,P,0.903,Redonda,Estriado,true,
8 Reales de Busto,Imperio Español,1777,Plata .903,27.07,39.0,147251,Mo,0.903,Redonda,Estriado,true,
8 Reales de Busto,Imperio Español,1777,Plata .903,27.07,39.0,291122,L,0.903,Redonda,Estriado,true,
8 Reales de Busto,Imperio Español,1777,Plata .903,27.07,39.0,629837,Pts,0.903,Redonda,Estriado,true,
8 Reales de Busto,Imperio Español,1777,Plata .903,27.07,39.0,68689,NR,0.903,Redonda,Estriado,true,
8 Reales de Busto,Imperio Español,1777,Plata .903,27.07,39.0,50385,P,0.903,Redonda,Estriado,true,
8 Reales de Busto,Imperio Español,1778,Plata .903,27.07,39.0,129313,L,0.903,Redonda,Estriado,true,
8 Reales de Busto,Imperio Español,1778,Plata .903,27.07,39.0,438192,Pts,0.903,Redonda,Estriado,true,
8 Reales de Busto,Imperio Español,1778,Plata .903,27.07,39.0,214448,S,0.903,Redonda,Estriado,true,
8 Reales de Busto,Imperio Español,1778,Plata .903,27.07,39.0,186377,NR,0.903,Redonda,Estriado,true,
8 Reales de Busto,Imperio Español,1778,Plata .903,27.07,39.0,84796,P,0.903,Redonda,Estriado,true,
8 Reales de Busto,Imperio Español,1779,Plata .903,27.07,39.0,191983,Mo,0.903,Redonda,Estriado,true,
8 Reales de Busto,Imperio Español,1779,Plata .903,27.07,39.0,165028,L,0.903,Redonda,Estriado,true,
8 Reales de Busto,Imperio Español,1779,Plata .903,27.07,39.0,111208,S,0.903,Redonda,Estriado,true,
8 Reales de Busto,Imperio Español,1779,Plata .903,27.07,39.0,116897,NR,0.903,Redonda,Estriado,true,
8 Reales de Busto,Imperio Español,1779,Plata .903,27.07,39.0,70069,P,0.903,Redonda,Estriado,true,
8 Reales de Busto,Imperio Español,1780,Plata .903,27.07,39.0,267994,Mo,0.903,Redonda,Estriado,true,
8 Reales de Busto,Imperio Español,1780,Plata .903,27.07,39.0,370865,Pts,0.903,Redonda,Estriado,true,
8 Reales de Busto,Imperio Español,1780,Plata .903,27.07,39.0,244630,S,0.903,Redonda,Estriado,true,
8 Reales de Busto,Imperio Español,1780,Plata .903,27.07,39.0,174379,NR,0.903,Redonda,Estriado,true,
8 Reales de Busto,Imperio Español,1781,Plata .903,27.07,39.0,244811,L,0.903,Redonda,Estriado,true,
8 Reales de Busto,Imperio Español,1781,Plata .903,27.07,39.0,349873,Pts,0.903,Redonda,Estriado,true,
8 Reales de Busto,Imperio Español,1781,Plata .903,27.07,39.0,230621,S,0.903,Redonda,Estriado,true,
8 Reales de Busto,Imperio Español,1781,Plata .903,27.07,39.0,171623,NR,0.903,Redonda,Estriado,true,
8 Reales de Busto,Imperio Español,1781,Plata .903,27.07,39.0,98233,P,0.903,Redonda,Estriado,true,
8 Reales de Busto,Imperio Español,1782,Plata .903,27.07,39.0,202601,Mo,0.903,Redonda,Estriado,true,
8 Reales de Busto,Imperio Español,1782,Plata .903,27.07,39.0,230525,L,0.903,Redonda,Estriado,true,
8 Reales de Busto,Imperio Español,1782,Plata .903,27.07,39.0,88599,NR,0.903,Redonda,Estriado,true,
8 Reales de Busto,Imperio Español,1782,Plata .903,27.07,39.0,41664,P,0.903,Redonda,Estriado,true,
8 Reales de Busto,Imperio Español,1783,Plata .903,27.07,39.0,314305,Mo,0.903,Redonda,Estriado,true,
8 Reales de Busto,Imperio Español,1783,Plata .903,27.07,39.0,375058,L,0.903,Redonda,Estriado,true,
8 Reales de Busto,Imperio Español,1783,Plata .903,27.07,39.0,715146,Pts,0.903,Redonda,Estriado,true,
8 Reales de Busto,Imperio Español,1783,Plata .903,27.07,39.0,118820,S,0.903,Redonda,Estriado,true,
8 Reales de Busto,Imperio Español,1783,Plata .903,27.07,39.0,250000,NR,0.903,Redonda,Estriado,true,
8 Reales de Busto,Imperio Español,1783,Plata .903,27.07,39.0,21510,P,0.903,Redonda,Estriado,true,
8 Reales de Busto,Imperio Español,1784,Plata .903,27.07,39.0,977814,Pts,0.903,Redonda,Estriado,true,
8 Reales de Busto,Imperio Español,1784,Plata .903,27.07,39.0,165894,S,0.903,Redonda,Estriado,true,
8 Reales de Busto,Imperio Español,1784,Plata .903,27.07,39.0,180013,NR,0.903,Redonda,Estriado,true,
8 Reales de Busto,Imperio Español,1784,Plata .903,27.07,39.0,53969,P,0.903,Redonda,Estriado,true,
8 Reales de Busto,Imperio Español,1785,Plata .903,27.07,39.0,208766,L,0.903,Redonda,Estriado,true,
8 Reales de Busto,Imperio Español,1785,Plata .903,27.07,39.0,554706,Pts,0.903,Redonda,Estriado,true,
8 Reales de Busto,Imperio Español,1785,Plata .903,27.07,39.0,134172,NR,0.903,Redonda,Estriado,true,
8 Reales de Busto,Imperio Español,1786,Plata .903,27.07,39.0,221369,Mo,0.903,Redonda,Estriado,true,
8 Reales de Busto,Imperio Español,1786,Plata .903,27.07,39.0,402714,L,0.903,Redonda,Estriado,true,
8 Reales de Busto,Imperio Español,1786,Plata .903,27.07,39.0,192103,S,0.903,Redonda,Estriado,true,
8 Reales de Busto,Imperio Español,1786,Plata .903,27.07,39.0,109828,NR,0.903,Redonda,Estriado,true,
8 Reales de Busto,Imperio Español,1786,Plata .903,27.07,39.0,65496,P,0.903,Redonda,Estriado,true,
8 Reales de Busto,Imperio Español,1787,Plata .903,27.07,39.0,249948,Mo,0.903,Redonda,Estriado,true,
8 Reales de Busto,Imperio Español,1787,Plata .903,27.07,39.0,217046,L,0.903,Redonda,Estriado,true,
8 Reales de Busto,Imperio Español,1787,Plata .903,27.07,39.0,425648,Pts,0.903,Redonda,Estriado,true,
8 Reales de Busto,Imperio Español,1787,Plata .903,27.07,39.0,173539,S,0.903,Redonda,Estriado,true,
8 Reales de Busto,Imperio Español,1787,Plata .903,27.07,39.0,199198,NR,0.903,Redonda,Estriado,true,
8 Reales de Busto,Imperio Español,1787,Plata .903,27.07,39.0,40631,P,0.903,Redonda,Estriado,true,
8 Reales de Busto,Imperio Español,1788,Plata .903,27.07,39.0,124331,Mo,0.903,Redonda,Estriado,true,
8 Reales de Busto,Imperio Español,1788,Plata .903,27.07,39.0,491877,Pts,0.903,Redonda,Estriado,true,
8 Reales de Busto,Imperio Español,1788,Plata .903,27.07,39.0,26477,P,0.903,Redonda,Estriado,true,
8 Reales de Busto,Imperio Español,1789,Plata .903,27.07,39.0,273333,L,0.903,Redonda,Estriado,true,
8 Reales de Busto,Imperio Español,1789,Plata .903,27.07,39.0,326067,Pts,0.903,Redonda,Estriado,true,
8 Reales de Busto,Imperio Español,1789,Plata .903,27.07,39.0,74198,S,0.903,Redonda,Estriado,true,
8 Reales de Busto,Imperio Español,1790,Plata .903,27.07,39.0,250236,Mo,0.903,Redonda,Estriado,true,
8 Reales de Busto,Imperio Español,1790,Plata .903,27.07,39.0,219014,L,0.903,Redonda,Estriado,true,
8 Reales de Busto,Imperio Español,1790,Plata .903,27.07,39.0,367515,Pts,0.903,Redonda,Estriado,true,
8 Reales de Busto,Imperio Español,1790,Plata .903,27.07,39.0,147667,S,0.903,Redonda,Estriado,true,
8 Reales de Busto,Imperio Español,1790,Plata .903,27.07,39.0,146763,NR,0.903,Redonda,Estriado,true,
8 Reales de Busto,Imperio Español,1790,Plata .903,27.07,39.0,83644,P,0.903,Redonda,Estriado,true,
8 Reales de Busto,Imperio Español,1791,Plata .903,27.07,39.0,181995,L,0.903,Redonda,Estriado,true,
8 Reales de Busto,Imperio Español,1791,Plata .903,27.07,39.0,133019,S,0.903,Redonda,Estriado,true,
8 Reales de Busto,Imperio Español,1791,Plata .903,27.07,39.0,99500,NR,0.903,Redonda,Estriado,true,
8 Reales de Busto,Imperio Español,1791,Plata .903,27.07,39.0,65853,P,0.903,Redonda,Estriado,true,
8 Reales de Busto,Imperio Español,1792,Plata .903,27.07,39.0,441741,Mo,0.903,Redonda,Estriado,true,
8 Reales de Busto,Imperio Español,1792,Plata .903,27.07,39.0,273502,L,0.903,Redonda,Estriado,true,
8 Reales de Busto,Imperio Español,1792,Plata .903,27.07,39.0,516491,Pts,0.903,Redonda,Estriado,true,
8 Reales de Busto,Imperio Español,1792,Plata .903,27.07,39.0,228859,S,0.903,Redonda,Estriado,true,
8 Reales de Busto,Imperio Español,1792,Plata .903,27.07,39.0,22350,P,0.903,Redonda,Estriado,true,
8 Reales de Busto,Imperio Español,1793,Plata .903,27.07,39.0,437325,Pts,0.903,Redonda,Estriado,true,
8 Reales de Busto,Imperio Español,1793,Plata .903,27.07,39.0,206279,S,0.903,Redonda,Estriado,true,
8 Reales de Busto,Imperio Español,1793,Plata .903,27.07,39.0,85229,NR,0.903,Redonda,Estriado,true,
8 Reales de Busto,Imperio Español,1794,Plata .903,27.07,39.0,281787,L,0.903,Redonda,Estriado,true,
8 Reales de Busto,Imperio Español,1794,Plata .903,27.07,39.0,719018,Pts,0.903,Redonda,Estriado,true,
8 Reales de Busto,Imperio Español,1794,Plata .903,27.07,39.0,73294,NR,0.903,Redonda,Estriado,true,
8 Reales de Busto,Imperio Español,1794,Plata .903,27.07,39.0,22762,P,0.903,Redonda,Estriado,true,
8 Reales de Busto,Imperio Español,1795,Plata .903,27.07,39.0,367093,Mo,0.903,Redonda,Estriado,true,
8 Reales de Busto,Imperio Español,1795,Plata .903,27.07,39.0,404405,L,0.903,Redonda,Estriado,true,
8 Reales de Busto,Imperio Español,1795,Plata .903,27.07,39.0,92628,S,0.903,Redonda,Estriado,true,
8 Reales de Busto,Imperio Español,1795,Plata .903,27.07,39.0,34516,P,0.903,Redonda,Estriado,true,
8 Reales de Busto,Imperio Español,1796,Plata .903,27.07,39.0,169909,Mo,0.903,Redonda,Estriado,true,
8 Reales de Busto,Imperio Español,1796,Plata .903,27.07,39.0,296784,L,0.903,Redonda,Estriado,true,
8 Reales de Busto,Imperio Español,1796,Plata .903,27.07,39.0,653112,Pts,0.903,Redonda,Estriado,true,
8 Reales de Busto,Imperio Español,1796,Plata .903,27.07,39.0,129804,S,0.903,Redonda,Estriado,true,
8 Reales de Busto,Imperio Español,1796,Plata .903,27.07,39.0,185625,NR,0.903,Redonda,Estriado,true,
8 Reales de Busto,Imperio Español,1796,Plata .903,27.07,39.0,24388,P,0.903,Redonda,Estriado,true,
8 Reales de Busto,Imperio Español,1797,Plata .903,27.07,39.0,237618,L,0.903,Redonda,Estriado,true,
8 Reales de Busto,Imperio Español,1797,Plata .903,27.07,39.0,164904,S,0.903,Redonda,Estriado,true,
8 Reales de Busto,Imperio Español,1797,Plata .903,27.07,39.0,86230,NR,0.903,Redonda,Estriado,true,
8 Reales de Busto,Imperio Español,1797,Plata .903,27.07,39.0,31978,P,0.903,Redonda,Estriado,true,
8 Reales de Busto,Imperio Español,1798,Plata .903,27.07,39.0,144303,Mo,0.903,Redonda,Estriado,true,
8 Reales de Busto,Imperio Español,1798,Plata .903,27.07,39.0,163780,L,0.903,Redonda,Estriado,true,
8 Reales de Busto,Imperio Español,1798,Plata .903,27.07,39.0,719528,Pts,0.903,Redonda,Estriado,true,
8 Reales de Busto,Imperio Español,1798,Plata .903,27.07,39.0,47684,P,0.903,Redonda,Estriado,true,
8 Reales de Busto,Imperio Español,1799,Plata .903,27.07,39.0,213476,Mo,0.903,Redonda,Estriado,true,
8 Reales de Busto,Imperio Español,1799,Plata .903,27.07,39.0,340163,L,0.903,Redonda,Estriado,true,
8 Reales de Busto,Imperio Español,1799,Plata .903,27.07,39.0,141040,S,0.903,Redonda,Estriado,true,
8 Reales de Busto,Imperio Español,1799,Plata .903,27.07,39.0,101632,NR,0.903,Redonda,Estriado,true,
8 Reales de Busto,Imperio Español,1800,Plata .903,27.07,39.0,201534,Mo,0.903,Redonda,Estriado,true,
8 Reales de Busto,Imperio Español,1800,Plata .903,27.07,39.0,272294,L,0.903,Redonda,Estriado,true,
8 Reales de Busto,Imperio Español,1800,Plata .903,27.07,39.0,430301,Pts,0.903,Redonda,Estriado,true,
8 Reales de Busto,Imperio Español,1800,Plata .903,27.07,39.0,100862,S,0.903,Redonda,Estriado,true,
8 Reales de Busto,Imperio Español,1800,Plata .903,27.07,39.0,99824,NR,0.903,Redonda,Estriado,true,
8 Reales de Busto,Imperio Español,1800,Plata .903,27.07,39.0,29304,P,0.903,Redonda,Estriado,true,
8 Reales de Busto,Imperio Español,1801,Plata .903,27.07,39.0,329224,Mo,0.903,Redonda,Estriado,true,
8 Reales de Busto,Imperio Español,1801,Plata .903,27.07,39.0,564963,Pts,0.903,Redonda,Estriado,true,
8 Reales de Busto,Imperio Español,1801,Plata .903,27.07,39.0,74944,S,0.903,Redonda,Estriado,true,
8 Reales de Busto,Imperio Español,1801,Plata .903,27.07,39.0,87358,NR,0.903,Redonda,Estriado,true,
8 Reales de Busto,Imperio Español,1802,Plata .903,27.07,39.0,272591,Mo,0.903,Redonda,Estriado,true,
8 Reales de Busto,Imperio Español,1802,Plata .903,27.07,39.0,305640,L,0.903,Redonda,Estriado,true,
8 Reales de Busto,Imperio Español,1802,Plata .903,27.07,39.0,545311,Pts,0.903,Redonda,Estriado,true,
8 Reales de Busto,Imperio Español,1802,Plata .903,27.07,39.0,99316,NR,0.903,Redonda,Estriado,true,
8 Reales de Busto,Imperio Español,1802,Plata .903,27.07,39.0,76805,P,0.903,Redonda,Estriado,true,
8 Reales de Busto,Imperio Español,1803,Plata .903,27.07,39.0,189517,Mo,0.903,Redonda,Estriado,true,
8 Reales de Busto,Imperio Español,1803,Plata .903,27.07,39.0,112055,S,0.903,Redonda,Estriado,true,
8 Reales de Busto,Imperio Español,1803,Plata .903,27.07,39.0,172835,NR,0.903,Redonda,Estriado,true,
8 Reales de Busto,Imperio Español,1803,Plata .903,27.07,39.0,18897,P,0.903,Redonda,Estriado,true,
8 Reales de Busto,Imperio Español,1804,Plata .903,27.07,39.0,194607,S,0.903,Redonda,Estriado,true,
8 Reales de Busto,Imperio Español,1804,Plata .903,27.07,39.0,185830,NR,0.903,Redonda,Estriado,true,
8 Reales de Busto,Imperio Español,1804,Plata .903,27.07,39.0,68446,P,0.903,Redonda,Estriado,true,
8 Reales de Busto,Imperio Español,1805,Plata .903,27.07,39.0,401624,Mo,0.903,Redonda,Estriado,true,
8 Reales de Busto,Imperio Español,1805,Plata .903,27.07,39.0,202426,L,0.903,Redonda,Estriado,true,
8 Reales de Busto,Imperio Español,1805,Plata .903,27.07,39.0,571221,Pts,0.903,Redonda,Estriado,true,
8 Reales de Busto,Imperio Español,1805,Plata .903,27.07,39.0,156889,S,0.903,Redonda,Estriado,true,
8 Reales de Busto,Imperio Español,1805,Plata .903,27.07,39.0,69436,P,0.903,Redonda,Estriado,true,
8 Reales de Busto,Imperio Español,1806,Plata .903,27.07,39.0,182493,Mo,0.903,Redonda,Estriado,true,
8 Reales de Busto,Imperio Español,1806,Plata .903,27.07,39.0,295635,L,0.903,Redonda,Estriado,true,
8 Reales de Busto,Imperio Español,1806,Plata .903,27.07,39.0,429214,Pts,0.903,Redonda,Estriado,true,
8 Reales de Busto,Imperio Español,1806,Plata .903,27.07,39.0,94428,NR,0.903,Redonda,Estriado,true,
8 Reales de Busto,Imperio Español,1806,Plata .903,27.07,39.0,59439,P,0.903,Redonda,Estriado,true,
8 Reales de Busto,Imperio Español,1807,Plata .903,27.07,39.0,341836,Mo,0.903,Redonda,Estriado,true,
8 Reales de Busto,Imperio Español,1807,Plata .903,27.07,39.0,381609,L,0.903,Redonda,Estriado,true,
8 Reales de Busto,Imperio Español,1807,Plata .903,27.07,39.0,580252,Pts,0.903,Redonda,Estriado,true,
8 Reales de Busto,Imperio Español,1807,Plata .903,27.07,39.0,123604,S,0.903,Redonda,Estriado,true,
8 Reales de Busto,Imperio Español,1807,Plata .903,27.07,39.0,64804,P,0.903,Redonda,Estriado,true,
8 Reales de Busto,Imperio Español,1808,Plata .903,27.07,39.0,246388,Mo,0.903,Redonda,Estriado,true,
8 Reales de Busto,Imperio Español,1808,Plata .903,27.07,39.0,178944,L,0.903,Redonda,Estriado,true,
8 Reales de Busto,Imperio Español,1808,Plata .903,27.07,39.0,640319,Pts,0.903,Redonda,Estriado,true,
8 Reales de Busto,Imperio Español,1809,Plata .903,27.07,39.0,186196,L,0.903,Redonda,Estriado,true,
8 Reales de Busto,Imperio Español,1809,Plata .903,27.07,39.0,739319,Pts,0.903,Redonda,Estriado,true,
8 Reales de Busto,Imperio Español,1809,Plata .903,27.07,39.0,86250,NR,0.903,Redonda,Estriado,true,
8 Reales de Busto,Imperio Español,1810,Plata .903,27.07,39.0,208788,Mo,0.903,Redonda,Estriado,true,
8 Reales de Busto,Imperio Español,1810,Plata .903,27.07,39.0,255799,L,0.903,Redonda,Estriado,true,
8 Reales de Busto,Imperio Español,1810,Plata .903,27.07,39.0,604229,Pts,0.903,Redonda,Estriado,true,
8 Reales de Busto,Imperio Español,1810,Plata .903,27.07,39.0,101917,S,0.903,Redonda,Estriado,true,
8 Reales de Busto,Imperio Español,1810,Plata .903,27.07,39.0,131293,NR,0.903,Redonda,Estriado,true,
8 Reales de Busto,Imperio Español,1810,Plata .903,27.07,39.0,33555,P,0.903,Redonda,Estriado,true,
8 Reales de Busto,Imperio Español,1811,Plata .903,27.07,39.0,248542,Mo,0.903,Redonda,Estriado,true,
8 Reales de Busto,Imperio Español,1811,Plata .903,27.07,39.0,171373,S,0.903,Redonda,Estriado,true,
8 Reales de Busto,Imperio Español,1811,Plata .903,27.07,39.0,35275,P,0.903,Redonda,Estriado,true,
8 Reales de Busto,Imperio Español,1812,Plata .903,27.07,39.0,192451,Mo,0.903,Redonda,Estriado,true,
8 Reales de Busto,Imperio Español,1812,Plata .903,27.07,39.0,193299,L,0.903,Redonda,Estriado,true,
8 Reales de Busto,Imperio Español,1812,Plata .903,27.07,39.0,525836,Pts,0.903,Redonda,Estriado,true,
8 Reales de Busto,Imperio Español,1812,Plata .903,27.07,39.0,169123,S,0.903,Redonda,Estriado,true,
8 Reales de Busto,Imperio Español,1812,Plata .903,27.07,39.0,133737,NR,0.903,Redonda,Estriado,true,
8 Reales de Busto,Imperio Español,1813,Plata .903,27.07,39.0,222070,Mo,0.903,Redonda,Estriado,true,
8 Reales de Busto,Imperio Español,1813,Plata .903,27.07,39.0,247258,L,0.903,Redonda,Estriado,true,
8 Reales de Busto,Imperio Español,1813,Plata .903,27.07,39.0,349210,Pts,0.903,Redonda,Estriado,true,
8 Reales de Busto,Imperio Español,1813,Plata .903,27.07,39.0,229714,S,0.903,Redonda,Estriado,true,
8 Reales de Busto,Imperio Español,1813,Plata .903,27.07,39.0,139350,NR,0.903,Redonda,Estriado,true,
8 Reales de Busto,Imperio Español,1814,Plata .903,27.07,39.0,332742,Mo,0.903,Redonda,Estriado,true,
8 Reales de Busto,Imperio Español,1814,Plata .903,27.07,39.0,265240,L,0.903,Redonda,Estriado,true,
8 Reales de Busto,Imperio Español,1814,Plata .903,27.07,39.0,140168,S,0.903,Redonda,Estriado,true,
8 Reales de Busto,Imperio Español,1814,Plata .903,27.07,39.0,180733,NR,0.903,Redonda,Estriado,true,
8 Reales de Busto,Imperio Español,1814,Plata .903,27.07,39.0,62656,P,0.903,Redonda,Estriado,true,
8 Reales de Busto,Imperio Español,1815,Plata .903,27.07,39.0,120000,Mo,0.903,Redonda,Estriado,true,
8 Reales de Busto,Imperio Español,1815,Plata .903,27.07,39.0,290109,L,0.903,Redonda,Estriado,true,
8 Reales de Busto,Imperio Español,1815,Plata .903,27.07,39.0,335079,Pts,0.903,Redonda,Estriado,true,
8 Reales de Busto,Imperio Español,1815,Plata .903,27.07,39.0,146404,S,0.903,Redonda,Estriado,true,
8 Reales de Busto,Imperio Español,1815,Plata .903,27.07,39.0,149066,NR,0.903,Redonda,Estriado,true,
8 Reales de Busto,Imperio Español,1815,Plata .903,27.07,39.0,30694,P,0.903,Redonda,Estriado,true,
8 Reales de Busto,Imperio Español,1816,Plata .903,27.07,39.0,128979,Mo,0.903,Redonda,Estriado,true,
8 Reales de Busto,Imperio Español,1816,Plata .903,27.07,39.0,239765,L,0.903,Redonda,Estriado,true,
8 Reales de Busto,Imperio Español,1816,Plata .903,27.07,39.0,618692,Pts,0.903,Redonda,Estriado,true,
8 Reales de Busto,Imperio Español,1816,Plata .903,27.07,39.0,174549,S,0.903,Redonda,Estriado,true,
8 Reales de Busto,Imperio Español,1816,Plata .903,27.07,39.0,187728,NR,0.903,Redonda,Estriado,true,
8 Reales de Busto,Imperio Español,1817,Plata .903,27.07,39.0,140913,L,0.903,Redonda,Estriado,true,
8 Reales de Busto,Imperio Español,1817,Plata .903,27.07,39.0,47452,P,0.903,Redonda,Estriado,true,
8 Reales de Busto,Imperio Español,1818,Plata .903,27.07,39.0,176071,Mo,0.903,Redonda,Estriado,true,
8 Reales de Busto,Imperio Español,1818,Plata .903,27.07,39.0,212708,L,0.903,Redonda,Estriado,true,
8 Reales de Busto,Imperio Español,1818,Plata .903,27.07,39.0,86169,NR,0.903,Redonda,Estriado,true,
8 Reales de Busto,Imperio Español,1818,Plata .903,27.07,39.0,27186,P,0.903,Redonda,Estriado,true,
8 Reales de Busto,Imperio Español,1819,Plata .903,27.07,39.0,249781,L,0.903,Redonda,Estriado,true,
8 Reales de Busto,Imperio Español,1819,Plata .903,27.07,39.0,595992,Pts,0.903,Redonda,Estriado,true,
8 Reales de Busto,Imperio Español,1819,Plata .903,27.07,39.0,138291,NR,0.903,Redonda,Estriado,true,
8 Reales de Busto,Imperio Español,1819,Plata .903,27.07,39.0,40770,P,0.903,Redonda,Estriado,true,
8 Reales de Busto,Imperio Español,1820,Plata .903,27.07,39.0,271623,L,0.903,Redonda,Estriado,true,
8 Reales de Busto,Imperio Español,1820,Plata .903,27.07,39.0,353924,Pts,0.903,Redonda,Estriado,true,
8 Reales de Busto,Imperio Español,1820,Plata .903,27.07,39.0,108820,S,0.903,Redonda,Estriado,true,
8 Reales de Busto,Imperio Español,1820,Plata .903,27.07,39.0,78770,NR,0.903,Redonda,Estriado,true,
8 Reales de Busto,Imperio Español,1820,Plata .903,27.07,39.0,26999,P,0.903,Redonda,Estriado,true,
8 Reales de Busto,Imperio Español,1821,Plata .903,27.07,39.0,326034,Mo,0.903,Redonda,Estriado,true,
8 Reales de Busto,Imperio Español,1821,Plata .903,27.07,39.0,231450,L,0.903,Redonda,Estriado,true,
8 Reales de Busto,Imperio Español,1821,Plata .903,27.07,39.0,315490,Pts,0.903,Redonda,Estriado,true,
8 Reales de Busto,Imperio Español,1821,Plata .903,27.07,39.0,105401,S,0.903,Redonda,Estriado,true,
8 Reales de Busto,Imperio Español,1821,Plata .903,27.07,39.0,209841,NR,0.903,Redonda,Estriado,true,
8 Reales de Busto,Imperio Español,1821,Plata .903,27.07,39.0,27067,P,0.903,Redonda,Estriado,true,
Onza Libertad,México,1982,Plata .999,31.103,40.0,1048900,Mo,0.999,Redonda,Estriado,false,
Onza Libertad,México,1983,Plata .999,31.103,40.0,1048775,Mo,0.999,Redonda,Estriado,false,
Onza Libertad,México,1984,Plata .999,31.103,40.0,1100000,Mo,0.999,Redonda,Estriado,false,
Onza Libertad,México,1985,Plata .999,31.103,40.0,1100000,Mo,0.999,Redonda,Estriado,false,
Onza Libertad,México,1986,Plata .999,31.103,40.0,1500000,Mo,0.999,Redonda,Estriado,false,
Onza Libertad,México,1987,Plata .999,31.103,40.0,1500000,Mo,0.999,Redonda,Estriado,false,
Onza Libertad,México,1988,Plata .999,31.103,40.0,1500000,Mo,0.999,Redonda,Estriado,false,
Onza Libertad,México,1989,Plata .999,31.103,40.0,1500000,Mo,0.999,Redonda,Estriado,false,
Onza Libertad,México,1990,Plata .999,31.103,40.0,1500000,Mo,0.999,Redonda,Estriado,false,
Onza Libertad,México,1991,Plata .999,31.103,40.0,300000,Mo,0.999,Redonda,Estriado,false,
Onza Libertad,México,1992,Plata .999,31.103,40.0,500000,Mo,0.999,Redonda,Estriado,false,
Onza Libertad,México,1993,Plata .999,31.103,40.0,500000,Mo,0.999,Redonda,Estriado,false,
Onza Libertad,México,1994,Plata .999,31.103,40.0,500000,Mo,0.999,Redonda,Estriado,false,
Onza Libertad,México,1995,Plata .999,31.103,40.0,500000,Mo,0.999,Redonda,Estriado,false,
Onza Libertad,México,1996,Plata .999,31.103,40.0,300000,Mo,0.999,Redonda,Estriado,false,
Onza Libertad,México,1997,Plata .999,31.103,40.0,300000,Mo,0.999,Redonda,Estriado,false,
Onza Libertad,México,1998,Plata .999,31.103,40.0,400000,Mo,0.999,Redonda,Estriado,false,
Onza Libertad,México,1999,Plata .999,31.103,40.0,500000,Mo,0.999,Redonda,Estriado,false,
Onza Libertad,México,2000,Plata .999,31.103,40.0,500000,Mo,0.999,Redonda,Estriado,false,
Onza Libertad,México,2001,Plata .999,31.103,40.0,500000,Mo,0.999,Redonda,Estriado,false,
Onza Libertad,México,2002,Plata .999,31.103,40.0,600000,Mo,0.999,Redonda,Estriado,false,
Onza Libertad,México,2003,Plata .999,31.103,40.0,600000,Mo,0.999,Redonda,Estriado,false,
Onza Libertad,México,2004,Plata .999,31.103,40.0,750000,Mo,0.999,Redonda,Estriado,false,
Onza Libertad,México,2005,Plata .999,31.103,40.0,750000,Mo,0.999,Redonda,Estriado,false,
Onza Libertad,México,2006,Plata .999,31.103,40.0,800000,Mo,0.999,Redonda,Estriado,false,
Onza Libertad,México,2007,Plata .999,31.103,40.0,1000000,Mo,0.999,Redonda,Estriado,false,
Onza Libertad,México,2008,Plata .999,31.103,40.0,1200000,Mo,0.999,Redonda,Estriado,false,
Onza Libertad,México,2009,Plata .999,31.103,40.0,1400000,Mo,0.999,Redonda,Estriado,false,
Onza Libertad,México,2010,Plata .999,31.103,40.0,1000000,Mo,0.999,Redonda,Estriado,false,
Onza Libertad,México,2011,Plata .999,31.103,40.0,617000,Mo,0.999,Redonda,Estriado,false,
Onza Libertad,México,2012,Plata .999,31.103,40.0,1142000,Mo,0.999,Redonda,Estriado,false,
Onza Libertad,México,2013,Plata .999,31.103,40.0,465500,Mo,0.999,Redonda,Estriado,false,
Onza Libertad,México,2014,Plata .999,31.103,40.0,489500,Mo,0.999,Redonda,Estriado,false,
Onza Libertad,México,2015,Plata .999,31.103,40.0,1104000,Mo,0.999,Redonda,Estriado,false,
Onza Libertad,México,2016,Plata .999,31.103,40.0,1550000,Mo,0.999,Redonda,Estriado,false,
Onza Libertad,México,2017,Plata .999,31.103,40.0,1425000,Mo,0.999,Redonda,Estriado,false,
Onza Libertad,México,2018,Plata .999,31.103,40.0,1850000,Mo,0.999,Redonda,Estriado,false,
Onza Libertad,México,2019,Plata .999,31.103,40.0,2035500,Mo,0.999,Redonda,Estriado,false,
Onza Libertad,México,2020,Plata .999,31.103,40.0,2500000,Mo,0.999,Redonda,Estriado,false,
Onza Libertad,México,2021,Plata .999,31.103,40.0,2800000,Mo,0.999,Redonda,Estriado,false,
Onza Libertad,México,2022,Plata .999,31.103,40.0,3200000,Mo,0.999,Redonda,Estriado,false,
Onza Libertad,México,2023,Plata .999,31.103,40.0,3500000,Mo,0.999,Redonda,Estriado,false,
Onza Libertad,México,2024,Plata .999,31.103,40.0,3800000,Mo,0.999,Redonda,Estriado,false,
Peso Fuerte,México,1824,Plata .903,27.07,39.0,166004,Zs,0.903,Redonda,Estriado,true,
Peso Fuerte,México,1826,Plata .903,27.07,39.0,148730,Cn,0.903,Redonda,Estriado,true,
Peso Fuerte,México,1829,Plata .903,27.07,39.0,96990,Cn,0.903,Redonda,Estriado,true,
Peso Fuerte,México,1830,Plata .903,27.07,39.0,193045,Zs,0.903,Redonda,Estriado,true,
Peso Fuerte,México,1833,Plata .903,27.07,39.0,117178,Cn,0.903,Redonda,Estriado,true,
Peso Fuerte,México,1835,Plata .903,27.07,39.0,223895,Mo,0.903,Redonda,Estriado,true,
Peso Fuerte,México,1837,Plata .903,27.07,39.0,70355,Zs,0.903,Redonda,Estriado,true,
Peso Fuerte,México,1839,Plata .903,27.07,39.0,70624,Go,0.903,Redonda,Estriado,true,
Peso Fuerte,México,1840,Plata .903,27.07,39.0,325798,Zs,0.903,Redonda,Estriado,true,
Peso Fuerte,México,1843,Plata .903,27.07,39.0,86076,Cn,0.903,Redonda,Estriado,true,
Peso Fuerte,México,1844,Plata .903,27.07,39.0,194730,Mo,0.903,Redonda,Estriado,true,
Peso Fuerte,México,1845,Plata .903,27.07,39.0,319832,Mo,0.903,Redonda,Estriado,true,
Peso Fuerte,México,1846,Plata .903,27.07,39.0,68977,Cn,0.903,Redonda,Estriado,true,
Peso Fuerte,México,1848,Plata .903,27.07,39.0,50000,Zs,0.903,Redonda,Estriado,true,
Peso Fuerte,México,1849,Plata .903,27.07,39.0,391385,Mo,0.903,Redonda,Estriado,true,
Peso Fuerte,México,1852,Plata .903,27.07,39.0,172342,Go,0.903,Redonda,Estriado,true,
Peso Fuerte,México,1856,Plata .903,27.07,39.0,109029,Zs,0.903,Redonda,Estriado,true,
Peso Fuerte,México,1858,Plata .903,27.07,39.0,80507,Go,0.903,Redonda,Estriado,true,
Peso Fuerte,México,1859,Plata .903,27.07,39.0,106245,Go,0.903,Redonda,Estriado,true,
Peso Fuerte,México,1869,Plata .903,27.07,39.0,183710,Cn,0.903,Redonda,Estriado,true,
Peso Fuerte,México,1870,Plata .903,27.07,39.0,400000,Cn,0.903,Redonda,Estriado,true,
Peso Fuerte,México,1872,Plata .903,27.07,39.0,192288,Go,0.903,Redonda,Estriado,true,
Peso Fuerte,México,1873,Plata .903,27.07,39.0,94298,Zs,0.903,Redonda,Estriado,true,
Peso Fuerte,México,1876,Plata .903,27.07,39.0,145192,Mo,0.903,Redonda,Estriado,true,
Peso Fuerte,México,1877,Plata .903,27.07,39.0,161621,Mo,0.903,Redonda,Estriado,true,
Peso Fuerte,México,1878,Plata .903,27.07,39.0,176429,Mo,0.903,Redonda,Estriado,true,
Peso Fuerte,México,1879,Plata .903,27.07,39.0,213169,Cn,0.903,Redonda,Estriado,true,
Peso Fuerte,México,1880,Plata .903,27.07,39.0,144183,Mo,0.903,Redonda,Estriado,true,
Peso Fuerte,México,1881,Plata .903,27.07,39.0,59481,Zs,0.903,Redonda,Estriado,true,
Peso Fuerte,México,1882,Plata .903,27.07,39.0,69088,Go,0.903,Redonda,Estriado,true,
Peso Fuerte,México,1885,Plata .903,27.07,39.0,153074,Go,0.903,Redonda,Estriado,true,
Peso Fuerte,México,1887,Plata .903,27.07,39.0,97757,Go,0.903,Redonda,Estriado,true,
Peso Fuerte,México,1888,Plata .903,27.07,39.0,114442,Mo,0.903,Redonda,Estriado,true,
Peso Fuerte,México,1890,Plata .903,27.07,39.0,156130,Zs,0.903,Redonda,Estriado,true,
Peso Fuerte,México,1896,Plata .903,27.07,39.0,91313,Go,0.903,Redonda,Estriado,true,
Peso Fuerte,México,1897,Plata .903,27.07,39.0,111360,Mo,0.903,Redonda,Estriado,true,
Peso Caballito,México,1910,Plata .800,27.07,39.0,582000,Mo,0.8,Redonda,Estriado,false,
Peso Caballito,México,1911,Plata .800,27.07,39.0,3207000,Mo,0.8,Redonda,Estriado,false,
Peso Caballito,México,1912,Plata .800,27.07,39.0,5958000,Mo,0.8,Redonda,Estriado,false,
Peso Caballito,México,1913,Plata .800,27.07,39.0,2450000,Mo,0.8,Redonda,Estriado,false,
Peso Caballito,México,1914,Plata .800,27.07,39.0,6909000,Mo,0.8,Redonda,Estriado,false,
American Silver Eagle,Estados Unidos,1986,Plata .999,31.103,40.6,5393005,W,0.999,Redonda,Estriado,false,
American Silver Eagle,Estados Unidos,1987,Plata .999,31.103,40.6,11442335,W,0.999,Redonda,Estriado,false,
American Silver Eagle,Estados Unidos,1988,Plata .999,31.103,40.6,5004646,W,0.999,Redonda,Estriado,false,
American Silver Eagle,Estados Unidos,1989,Plata .999,31.103,40.6,5203327,W,0.999,Redonda,Estriado,false,
American Silver Eagle,Estados Unidos,1990,Plata .999,31.103,40.6,5840110,W,0.999,Redonda,Estriado,false,
American Silver Eagle,Estados Unidos,1991,Plata .999,31.103,40.6,25007212,W,0.999,Redonda,Estriado,true,
American Silver Eagle,Estados Unidos,1992,Plata .999,31.103,40.6,33507265,W,0.999,Redonda,Estriado,true,
American Silver Eagle,Estados Unidos,1993,Plata .999,31.103,40.6,18297178,W,0.999,Redonda,Estriado,true,
American Silver Eagle,Estados Unidos,1994,Plata .999,31.103,40.6,12004361,W,0.999,Redonda,Estriado,true,
American Silver Eagle,Estados Unidos,1995,Plata .999,31.103,40.6,21784517,W,0.999,Redonda,Estriado,true,
American Silver Eagle,Estados Unidos,1996,Plata .999,31.103,40.6,21496251,W,0.999,Redonda,Estriado,true,
American Silver Eagle,Estados Unidos,1997,Plata .999,31.103,40.6,24647510,W,0.999,Redonda,Estriado,true,
American Silver Eagle,Estados Unidos,1998,Plata .999,31.103,40.6,28831904,W,0.999,Redonda,Estriado,true,
American Silver Eagle,Estados Unidos,1999,Plata .999,31.103,40.6,11071345,W,0.999,Redonda,Estriado,true,
American Silver Eagle,Estados Unidos,2000,Plata .999,31.103,40.6,10000000,W,0.999,Redonda,Estriado,true,
American Silver Eagle,Estados Unidos,2001,Plata .999,31.103,40.6,10000000,W,0.999,Redonda,Estriado,true,
American Silver Eagle,Estados Unidos,2002,Plata .999,31.103,40.6,17040593,W,0.999,Redonda,Estriado,true,
American Silver Eagle,Estados Unidos,2003,Plata .999,31.103,40.6,17579309,W,0.999,Redonda,Estriado,true,
American Silver Eagle,Estados Unidos,2004,Plata .999,31.103,40.6,11538644,W,0.999,Redonda,Estriado,true,
American Silver Eagle,Estados Unidos,2005,Plata .999,31.103,40.6,38009359,W,0.999,Redonda,Estriado,true,
American Silver Eagle,Estados Unidos,2006,Plata .999,31.103,40.6,16632085,W,0.999,Redonda,Estriado,true,
American Silver Eagle,Estados Unidos,2007,Plata .999,31.103,40.6,17075741,W,0.999,Redonda,Estriado,true,
American Silver Eagle,Estados Unidos,2008,Plata .999,31.103,40.6,20583000,W,0.999,Redonda,Estriado,false,
American Silver Eagle,Estados Unidos,2009,Plata .999,31.103,40.6,23794141,W,0.999,Redonda,Estriado,true,
American Silver Eagle,Estados Unidos,2010,Plata .999,31.103,40.6,11874189,W,0.999,Redonda,Estriado,true,
American Silver Eagle,Estados Unidos,2011,Plata .999,31.103,40.6,39868500,W,0.999,Redonda,Estriado,false,
American Silver Eagle,Estados Unidos,2012,Plata .999,31.103,40.6,16093304,W,0.999,Redonda,Estriado,true,
American Silver Eagle,Estados Unidos,2013,Plata .999,31.103,40.6,20070234,W,0.999,Redonda,Estriado,true,
American Silver Eagle,Estados Unidos,2014,Plata .999,31.103,40.6,21279816,W,0.999,Redonda,Estriado,true,
American Silver Eagle,Estados Unidos,2015,Plata .999,31.103,40.6,47000000,W,0.999,Redonda,Estriado,false,
American Silver Eagle,Estados Unidos,2016,Plata .999,31.103,40.6,15271218,W,0.999,Redonda,Estriado,true,
American Silver Eagle,Estados Unidos,2017,Plata .999,31.103,40.6,18297818,W,0.999,Redonda,Estriado,true,
American Silver Eagle,Estados Unidos,2018,Plata .999,31.103,40.6,23606867,W,0.999,Redonda,Estriado,true,
American Silver Eagle,Estados Unidos,2019,Plata .999,31.103,40.6,24764995,W,0.999,Redonda,Estriado,true,
American Silver Eagle,Estados Unidos,2020,Plata .999,31.103,40.6,30089000,W,0.999,Redonda,Estriado,false,
American Silver Eagle,Estados Unidos,2021,Plata .999,31.103,40.6,34764500,W,0.999,Redonda,Estriado,false,
American Silver Eagle,Estados Unidos,2022,Plata .999,31.103,40.6,23996769,W,0.999,Redonda,Estriado,true,
American Silver Eagle,Estados Unidos,2023,Plata .999,31.103,40.6,22474934,W,0.999,Redonda,Estriado,true,
American Silver Eagle,Estados Unidos,2024,Plata .999,31.103,40.6,10822924,W,0.999,Redonda,Estriado,true,
Dólar Morgan,Estados Unidos,1878,Plata .900,26.73,38.1,10508000,D,0.9,Redonda,Estriado,false,
Dólar Morgan,Estados Unidos,1879,Plata .900,26.73,38.1,14806000,S,0.9,Redonda,Estriado,false,
Dólar Morgan,Estados Unidos,1880,Plata .900,26.73,38.1,3650535,P,0.9,Redonda,Estriado,true,
Dólar Morgan,Estados Unidos,1881,Plata .900,26.73,38.1,2039252,P,0.9,Redonda,Estriado,true,
Dólar Morgan,Estados Unidos,1882,Plata .900,26.73,38.1,10163102,D,0.9,Redonda,Estriado,true,
Dólar Morgan,Estados Unidos,1883,Plata .900,26.73,38.1,13192145,CC,0.9,Redonda,Estriado,true,
Dólar Morgan,Estados Unidos,1884,Plata .900,26.73,38.1,2427266,CC,0.9,Redonda,Estriado,true,
Dólar Morgan,Estados Unidos,1885,Plata .900,26.73,38.1,15380895,CC,0.9,Redonda,Estriado,true,
Dólar Morgan,Estados Unidos,1886,Plata .900,26.73,38.1,4435463,D,0.9,Redonda,Estriado,true,
Dólar Morgan,Estados Unidos,1887,Plata .900,26.73,38.1,3688350,O,0.9,Redonda,Estriado,true,
Dólar Morgan,Estados Unidos,1888,Plata .900,26.73,38.1,4524565,P,0.9,Redonda,Estriado,true,
Dólar Morgan,Estados Unidos,1889,Plata .900,26.73,38.1,5637601,D,0.9,Redonda,Estriado,true,
Dólar Morgan,Estados Unidos,1890,Plata .900,26.73,38.1,5982591,O,0.9,Redonda,Estriado,true,
Dólar Morgan,Estados Unidos,1891,Plata .900,26.73,38.1,12251705,CC,0.9,Redonda,Estriado,true,
Dólar Morgan,Estados Unidos,1892,Plata .900,26.73,38.1,5597305,P,0.9,Redonda,Estriado,true,
Dólar Morgan,Estados Unidos,1893,Plata .900,26.73,38.1,378000,P,0.9,Redonda,Estriado,false,
Dólar Morgan,Estados Unidos,1894,Plata .900,26.73,38.1,20000000,D,0.9,Redonda,Estriado,true,
Dólar Morgan,Estados Unidos,1895,Plata .900,26.73,38.1,12000,O,0.9,Redonda,Estriado,false,
Dólar Morgan,Estados Unidos,1896,Plata .900,26.73,38.1,2324215,P,0.9,Redonda,Estriado,true,
Dólar Morgan,Estados Unidos,1897,Plata .900,26.73,38.1,2763194,S,0.9,Redonda,Estriado,true,
Dólar Morgan,Estados Unidos,1898,Plata .900,26.73,38.1,7211113,S,0.9,Redonda,Estriado,true,
Dólar Morgan,Estados Unidos,1899,Plata .900,26.73,38.1,10256024,D,0.9,Redonda,Estriado,true,
Dólar Morgan,Estados Unidos,1900,Plata .900,26.73,38.1,15019843,O,0.9,Redonda,Estriado,true,
Dólar Morgan,Estados Unidos,1901,Plata .900,26.73,38.1,17122406,D,0.9,Redonda,Estriado,true,
Dólar Morgan,Estados Unidos,1902,Plata .900,26.73,38.1,5217180,CC,0.9,Redonda,Estriado,true,
Dólar Morgan,Estados Unidos,1903,Plata .900,26.73,38.1,8084828,CC,0.9,Redonda,Estriado,true,
Dólar Morgan,Estados Unidos,1904,Plata .900,26.73,38.1,4104374,CC,0.9,Redonda,Estriado,true,
Dólar Morgan,Estados Unidos,1921,Plata .900,26.73,38.1,44690000,D,0.9,Redonda,Estriado,false,
Denario de Tiberio,Imperio Romano,23,Plata .900 aprox,3.78,18.6,75417,Lugdunum,0.9,Redonda,Irregular,true,
Denario de Tiberio,Imperio Romano,17,Plata .900 aprox,3.51,18.3,86889,Roma,0.9,Irregular,Irregular,true,
Denario de Tiberio,Imperio Romano,28,Plata .900 aprox,3.39,18.2,50000,Antioquía,0.9,Irregular,Irregular,true,
Denario de Tiberio,Imperio Romano,27,Plata .900 aprox,3.54,17.1,113467,Roma,0.9,Irregular,Irregular,true,
Denario de Tiberio,Imperio Romano,26,Plata .900 aprox,3.3,18.7,116663,Roma,0.9,Redonda,Irregular,true,
Denario de Tiberio,Imperio Romano,36,Plata .900 aprox,3.29,17.1,146190,Antioquía,0.9,Irregular,Irregular,true,
Denario de Tiberio,Imperio Romano,27,Plata .900 aprox,3.65,17.5,200000,Roma,0.9,Irregular,Irregular,true,
Denario de Augusto,Imperio Romano,14,Plata .900 aprox,3.61,18.9,280151,Lugdunum,0.9,Redonda,Irregular,true,
Denario de Augusto,Imperio Romano,14,Plata .900 aprox,3.43,18.9,188057,Antioquía,0.9,Irregular,Irregular,true,
Denario de Augusto,Imperio Romano,14,Plata .900 aprox,3.72,17.8,160988,Antioquía,0.9,Irregular,Irregular,true,
Denario de Augusto,Imperio Romano,14,Plata .900 aprox,3.51,18.6,210533,Roma,0.9,Redonda,Irregular,true,
Denario de Augusto,Imperio Romano,14,Plata .900 aprox,3.38,18.5,249129,Antioquía,0.9,Redonda,Irregular,true,
Denario de Augusto,Imperio Romano,14,Plata .900 aprox,3.29,17.3,208065,Roma,0.9,Redonda,Irregular,true,
Denario de Augusto,Imperio Romano,14,Plata .900 aprox,3.6,18.0,150418,Antioquía,0.9,Irregular,Irregular,true,
Denario de Augusto,Imperio Romano,14,Plata .900 aprox,3.6,17.0,201610,Lugdunum,0.9,Redonda,Irregular,true,
Denario de Augusto,Imperio Romano,14,Plata .900 aprox,3.23,17.7,292395,Antioquía,0.9,Irregular,Irregular,true,
Denario de Augusto,Imperio Romano,14,Plata .900 aprox,3.29,17.6,98737,Lugdunum,0.9,Irregular,Irregular,true,
Denario de Augusto,Imperio Romano,14,Plata .900 aprox,3.67,17.8,162434,Lugdunum,0.9,Redonda,Irregular,true,
Denario de Augusto,Imperio Romano,14,Plata .900 aprox,3.2,17.5,128331,Antioquía,0.9,Irregular,Irregular,true,
Denario de Augusto,Imperio Romano,14,Plata .900 aprox,3.24,18.8,121563,Antioquía,0.9,Irregular,Irregular,true,
Denario de Trajano,Imperio Romano,116,Plata .900 aprox,3.45,18.4,227255,Antioquía,0.9,Irregular,Irregular,true,
Denario de Trajano,Imperio Romano,116,Plata .900 aprox,3.77,17.5,285437,Lugdunum,0.9,Redonda,Irregular,true,
Denario de Trajano,Imperio Romano,115,Plata .900 aprox,3.44,18.3,120860,Antioquía,0.9,Redonda,Irregular,true,
Denario de Trajano,Imperio Romano,98,Plata .900 aprox,3.53,18.8,239130,Lugdunum,0.9,Redonda,Irregular,true,
Denario de Trajano,Imperio Romano,103,Plata .900 aprox,3.7,17.8,287828,Lugdunum,0.9,Redonda,Irregular,true,
Denario de Trajano,Imperio Romano,102,Plata .900 aprox,3.52,17.9,394689,Antioquía,0.9,Redonda,Irregular,true,
Denario de Adriano,Imperio Romano,138,Plata .900 aprox,3.39,17.7,111098,Roma,0.9,Redonda,Irregular,true,
Denario de Adriano,Imperio Romano,134,Plata .900 aprox,3.6,17.3,80000,Roma,0.9,Irregular,Irregular,true,
Denario de Adriano,Imperio Romano,132,Plata .900 aprox,3.27,18.1,142596,Roma,0.9,Redonda,Irregular,true,
Denario de Adriano,Imperio Romano,122,Plata .900 aprox,3.46,18.2,306147,Roma,0.9,Redonda,Irregular,true,
Denario de Adriano,Imperio Romano,137,Plata .900 aprox,3.37,18.5,94811,Roma,0.9,Redonda,Irregular,true,
Denario de Adriano,Imperio Romano,129,Plata .900 aprox,3.53,18.2,222207,Lugdunum,0.9,Redonda,Irregular,true,
Denario de Adriano,Imperio Romano,121,Plata .900 aprox,3.55,19.0,96413,Lugdunum,0.9,Irregular,Irregular,true,
Denario de Marco Aurelio,Imperio Romano,176,Plata .900 aprox,3.86,18.2,134874,Antioquía,0.9,Redonda,Irregular,true,
Denario de Marco Aurelio,Imperio Romano,167,Plata .900 aprox,3.72,17.8,300000,Roma,0.9,Irregular,Irregular,true,
Denario de Marco Aurelio,Imperio Romano,173,Plata .900 aprox,3.52,18.1,147630,Lugdunum,0.9,Redonda,Irregular,true,
Denario de Marco Aurelio,Imperio Romano,180,Plata .900 aprox,3.23,17.8,130825,Antioquía,0.9,Irregular,Irregular,true,
Denario de Marco Aurelio,Imperio Romano,171,Plata .900 aprox,3.69,18.5,117308,Lugdunum,0.9,Redonda,Irregular,true,
Denario de Marco Aurelio,Imperio Romano,172,Plata .900 aprox,3.55,17.5,144818,Antioquía,0.9,Redonda,Irregular,true,
Denario de Septimio Severo,Imperio Romano,199,Plata .900 aprox,3.3,17.3,68213,Roma,0.9,Irregular,Irregular,true,
Denario de Septimio Severo,Imperio Romano,193,Plata .900 aprox,3.6,18.3,189665,Lugdunum,0.9,Redonda,Irregular,true,
Denario de Septimio Severo,Imperio Romano,211,Plata .900 aprox,3.25,18.1,88316,Antioquía,0.9,Redonda,Irregular,true,
Denario de Septimio Severo,Imperio Romano,200,Plata .900 aprox,3.87,17.1,132759,Lugdunum,0.9,Irregular,Irregular,true,
Denario de Septimio Severo,Imperio Romano,195,Plata .900 aprox,3.69,17.9,78431,Roma,0.9,Irregular,Irregular,true,
Denario de Septimio Severo,Imperio Romano,193,Plata .900 aprox,3.82,18.7,157813,Roma,0.9,Redonda,Irregular,true,
